chat_id,scenario,scenario_type,message_count,intent,satisfaction,quality_score,rationale,has_mistakes,mistake_count,mistake_ignored_question,mistake_incorrect_info,mistake_rude_tone,mistake_no_resolution,mistake_unnecessary_escalation
1,payment_troubles,successful,10,payment_troubles,satisfied,5,"The customer initially reported a payment issue, and the agent promptly requested necessary information to investigate. The agent identified the cause of the problem, offered a solution, and provided additional information on security policies. The customer's concerns were addressed, and the issue was resolved.",False,0,False,False,False,False,False
2,technical_errors,problematic,12,technical_errors,unsatisfied,3,"The customer reported a technical issue with the app, specifically a null pointer exception error when loading their profile. The agent followed standard procedure by gathering information about the customer's operating system and app version. The agent then created a ticket and offered a generic troubleshooting step, which the customer had already tried. The customer requested escalation to a senior agent, but the agent was not authorized to do so. The agent provided a case number and a summary of the steps taken.",True,2,False,True,False,True,False
3,account_access,conflict,8,account_access,unsatisfied,4,"The customer is having trouble accessing their account despite trying to reset their password. The agent apologizes and requests account details to assist further. The customer provides the details but becomes increasingly frustrated, demanding to speak with a supervisor. The agent remains apologetic and offers to either resolve the issue or escalate it to a supervisor.",False,0,False,False,False,False,False
4,tariff_questions,agent_mistake,9,tariff_questions,unsatisfied,1,"The customer initiated the conversation to inquire about the differences between the 'Basic' and 'Premium' tariff plans. The agent provided some information but seemed impatient and unhelpful when the customer asked follow-up questions. The agent's tone became rude, and they failed to provide clear and concise information, leading to confusion about data limits and additional fees. The customer appeared to be seeking clarification and understanding but was met with a dismissive attitude from the agent.",True,3,True,True,True,False,False
5,refund,successful,8,refund,satisfied,5,"The customer initiated the conversation by requesting a refund due to the product not meeting their expectations. The agent apologized and asked for the order number to proceed with the refund. After receiving the order number, the agent processed the refund and provided the customer with the expected timeframe for the refund to be credited back to their account. The agent maintained a polite and apologetic tone throughout the conversation, ensuring the customer's satisfaction.",False,0,False,False,False,False,False
6,payment_troubles,problematic,11,payment_troubles,neutral,4,"The customer initiated the conversation with a payment issue. The agent responded by asking for the account number and error code, which is a standard procedure. The agent then identified the error code as a security block and requested the customer to confirm their card's expiration date and CVV. However, instead of resolving the issue directly, the agent instructed the customer to call the card issuer, citing standard procedure. The customer was hesitant but the agent provided some guidance on what to say during the call.",False,0,False,False,False,False,False
7,technical_errors,conflict,10,technical_errors,unsatisfied,2,"The customer's initial request was to help with their app not loading. The agent responded by suggesting to restart the browser, which the customer had already tried. The agent then asked for account details to investigate further but continued to suggest basic troubleshooting steps despite the customer's frustration and insistence that they had tried everything. The agent eventually escalated the issue but not before asking the customer to try one more thing, which further frustrated the customer.",True,3,True,False,True,True,False
8,account_access,agent_mistake,10,account_access,unsatisfied,2,"The customer's initial request was to access their account, which implies they needed assistance with logging in, likely due to a forgotten password. The agent acknowledged the issue and requested account details, which is a standard procedure. However, instead of directly addressing the password reset, the agent opted to escalate the issue to a specialized team. This decision may have been overly cautious but was likely intended to ensure security protocols were followed. The customer's frustration grew due to the perceived complexity and delay in resolving their simple request.",True,2,False,True,False,False,True
9,tariff_questions,successful,10,tariff_questions,satisfied,4,"The customer initiated the conversation with a complaint about their current plan being too expensive and requested a change to the 'Basic' plan. The agent responded by asking for the customer's current plan and what they wanted to change to, which is a reasonable approach. However, the customer became impatient and rude, demanding a quicker resolution. The agent remained professional and continued to assist the customer, eventually processing the plan change. The customer's satisfaction improved once their issue was resolved.",False,0,False,False,False,False,False
10,refund,problematic,10,refund,satisfied,5,"The customer initiated the conversation regarding a refund issue. The agent apologized and asked for the order number to investigate. The agent found the issue, explained it in simpler terms when requested, and provided a solution by manually expediting the refund process. The customer was satisfied with the resolution.",False,0,False,False,False,False,False
11,payment_troubles,conflict,12,payment_troubles,satisfied,5,"The customer initially reports a payment issue and requests immediate assistance. The agent apologizes and asks for more details to investigate. The customer provides necessary information, and the agent identifies a temporary hold on the account due to a security update. The agent resolves the issue by lifting the hold and advises the customer to retry the payment.",False,0,False,False,False,False,False
12,technical_errors,agent_mistake,10,technical_errors,unsatisfied,1,"The customer initially reported an issue with the app not loading and requested assistance. The agent responded with an overly formal apology and asked the customer to attempt basic troubleshooting steps, despite the customer already having done so. The customer expressed frustration with the agent's approach, and the agent continued to use a condescending tone. Eventually, the agent acknowledged a known issue with Android 10 and the app, but the customer remained unsatisfied with the interaction.",True,3,False,True,True,True,False
13,account_access,successful,10,account_access,satisfied,5,"The client's initial request was to reset their email password due to forgetting it. The agent handled the request by first asking for the client's username or email address, then sending a password reset link. The client had some technical questions but the agent provided clear instructions and assistance. The agent also clarified that they don't have direct access to the client's new password, ensuring the client's security.",False,0,False,False,False,False,False
14,tariff_questions,problematic,10,tariff_questions,unsatisfied,3,"The customer initiated the conversation with a complaint about being charged too much for their internet plan. The agent attempted to gather more information but was met with aggression and impatience from the customer. The agent tried to offer a solution, including a plan review and a one-time courtesy adjustment, but the customer was not satisfied. The agent eventually decided to escalate the issue to their supervisor.",True,1,False,False,True,False,False
15,refund,conflict,8,refund,unsatisfied,2,"The customer initially requested a refund due to a missing product. The agent asked for an order status check, which the customer had already done. The agent then offered a refund but failed to address the customer's concerns about the shipping status and provided no clear explanation. The customer became frustrated, and the agent eventually escalated the issue to a supervisor.",True,3,True,True,False,True,False
16,payment_troubles,agent_mistake,10,payment_troubles,unsatisfied,2,"The customer's initial request was about a declined payment. The agent responded by asking the customer to check their card details, which the customer had already done. The agent then escalated the issue to the payment specialist team. The customer expressed frustration at not being helped directly by the agent and requested a reference number for the escalated issue.",True,2,False,False,True,True,False
17,technical_errors,successful,14,technical_errors,satisfied,4,"The customer reported an issue with the app crashing when trying to upload a file. The agent followed a structured approach to troubleshoot the issue, first asking for account information and error messages, then checking for app updates, and finally running a diagnostic test. The agent concluded that the issue may be related to the device's operating system and offered a troubleshooting guide.",False,0,False,False,False,False,False
18,account_access,problematic,9,account_access,neutral,3,"The customer's initial request was to regain access to their account. The agent handled it by apologizing and requesting the customer's email address. However, the agent's responses were overly apologetic and verbose, potentially causing frustration. The customer explicitly asked for a password reset, but the agent delayed this by asking for additional information and citing a technical delay. Eventually, the agent sent the password reset link, but the process was lengthy and required multiple interactions.",True,2,True,False,False,False,True
19,tariff_questions,conflict,12,technical_errors,unsatisfied,1,"The customer initially reports being charged extra on their plan and seeks an explanation. The agent requests more information, identifies the issue as exceeding the data limit, and offers a choice between upgrading or paying the extra fee. However, the customer seeks a detailed explanation for the overage charges and why their plan did not auto-adjust or notify them before the issue arose. The agent becomes brusque, offers a one-time courtesy credit, and eventually transfers the customer to a supervisor after failing to provide a satisfactory technical explanation.",True,3,False,True,True,True,False
20,refund,agent_mistake,10,refund,unsatisfied,4,"The customer initiated the conversation with a refund request due to being charged twice. The agent attempted to follow procedure, asking for the order number and other details to process the refund. However, the customer became increasingly agitated and hostile, demanding immediate action and threatening the agent. The agent maintained a professional tone but was unable to resolve the issue due to the customer's behavior and the need to follow procedure.",False,0,False,False,False,False,False
21,payment_troubles,successful,13,payment_troubles,satisfied,5,"The customer initially reported a declined payment, and the agent promptly requested necessary information to investigate. The agent then performed a diagnostic check, explained the process, and eventually resolved the issue by retrying the transaction. Throughout the conversation, the agent provided clear explanations and updates, demonstrating a thorough and patient approach.",False,0,False,False,False,False,False
22,technical_errors,problematic,9,technical_errors,neutral,4,"The customer reported an issue with the app crashing on startup. The agent responded by asking for device information, then proceeded with basic troubleshooting steps. The customer had already tried some of these steps, but the agent continued to troubleshoot before escalating the issue to the technical team.",True,1,True,False,False,False,False
23,account_access,conflict,10,account_access,unsatisfied,4,"The customer initially reported trouble accessing their account. The agent apologized and requested account details to assist. The customer provided their surname and email address but expressed frustration with the delay. The agent continued to apologize and explained the need for security checks, eventually resetting the customer's password after verifying details.",False,0,False,False,False,False,False
24,tariff_questions,agent_mistake,14,tariff_questions,unsatisfied,2,"The customer initiated the conversation to inquire about upgrading their tariff plan, specifically seeking information about higher data limits. The agent provided some details but demonstrated inconsistencies and a lack of clarity, particularly regarding the 'Unlimited' plan's data cap and pricing. The customer had to repeatedly ask for clarification and confirmation of prices and promotional offers, indicating a lack of trust in the information provided. The agent's tone became increasingly rude and dismissive as the conversation progressed.",True,3,False,True,True,True,False
25,refund,successful,8,refund,satisfied,5,"The customer initiated the conversation with a clear request for a refund due to non-receipt of an item. The agent responded promptly, asking for the order number to investigate the issue. The customer provided the order number, and the agent located the order, confirming the refund request. The agent then proceeded to process the refund, requesting the customer's email address for confirmation. Despite the customer's uncertainty about the email address used for the order, the agent handled the situation professionally, choosing to send the refund confirmation to the provided email address. The customer expressed gratitude for the agent's assistance, and the conversation concluded with the agent offering a positive closing remark.",False,0,False,False,False,False,False
26,payment_troubles,problematic,8,payment_troubles,satisfied,5,"The customer initiated the conversation with a payment issue, expressing frustration. The agent apologized and requested more details to investigate. The customer provided the necessary information, and the agent identified the issue as a temporary glitch, retrying the transaction successfully. The agent maintained a polite tone throughout, addressing the customer's frustration and impatience.",False,0,False,False,False,False,False
27,technical_errors,conflict,10,account_access,unsatisfied,2,"The customer is experiencing login issues due to an incorrect password and has already attempted to reset it. The agent follows standard troubleshooting procedures, which the customer finds frustrating and unhelpful. The agent offers escalation to advanced support and eventually to a supervisor, but the customer remains unsatisfied.",True,1,True,False,False,False,False
28,account_access,agent_mistake,10,account_access,unsatisfied,3,"The customer's initial request was about trouble logging into their account after a password reset. The agent handled it by asking for the username and error message, then proceeded to check on a few things, and finally decided to escalate the issue to a specialized team. The agent's approach seemed to follow protocols but may have been perceived as prolonging the process. The customer's frustration grew as the issue was not resolved promptly and was instead escalated.",True,1,False,False,False,True,False
29,tariff_questions,successful,8,payment_troubles,neutral,4,"The customer initiated the conversation with a complaint about being overcharged for their internet plan. The agent responded apologetically and offered to help. The customer provided their account information, and the agent investigated the issue, finding an additional feature that was not previously discussed. The agent removed the feature and applied a credit to the customer's account. The customer was somewhat placated but still expressed frustration that the issue occurred in the first place.",False,0,False,False,False,False,False
30,refund,problematic,11,refund,unsatisfied,4,"The customer initiated the conversation with a refund request. The agent apologized and asked for the order number to proceed. The customer provided the order number and requested a refund, but the agent required additional information. The agent then processed the refund request, explained the processing time, and offered an alternative. The customer declined the alternative and the agent finalized the refund request.",False,0,False,False,False,False,False
31,payment_troubles,conflict,10,payment_troubles,satisfied,5,"The customer initiated the conversation due to a declined payment. The agent apologized and requested necessary information to investigate. The agent identified a potential cause for the declined payment, a temporary hold on the account, and took steps to resolve the issue by clearing the hold and reprocessing the payment. The customer's concerns were addressed, and the payment was successfully completed.",False,0,False,False,False,False,False
32,technical_errors,agent_mistake,10,technical_errors,unsatisfied,1,"The customer reported an issue with their app crashing when loading their profile. The agent requested an error code and app version, which the customer provided. However, instead of attempting to troubleshoot further or offer a solution, the agent deflected responsibility and suggested checking the FAQ section, despite the customer already having tried the recommended steps. The agent was unwilling to escalate the issue promptly and seemed uncooperative, leading to the customer requesting to speak with a supervisor.",True,4,True,False,True,True,True
33,account_access,successful,8,account_access,satisfied,5,"The customer reported being locked out of their account. The agent responded by asking for the customer's account email or username to assist further. The agent then located the customer's account and asked for more information about the login issue. After the customer reported the 'forgot password' link wasn't working, the agent offered a solution by sending a manual password reset link via email. The customer acknowledged receiving the link, and the agent offered further assistance if needed.",False,0,False,False,False,False,False
34,tariff_questions,problematic,8,tariff_questions,unsatisfied,4,"The customer initially requested information about their tariff plan and monthly payment. The agent apologized for any inconvenience and offered to review the customer's account information. However, the customer grew frustrated with the delay and demanded a straight answer. The agent eventually provided the customer with the requested information, including the monthly payment and the fact that the tariff plan was changing with a slight increase. The customer became dissatisfied and asked for the information to be sent via email.",True,1,False,False,False,True,False
35,refund,conflict,8,refund,unsatisfied,4,"The customer initiated the conversation with a complaint about a delayed refund, expressing frustration and anger. The agent responded apologetically and professionally, explaining the need for the order number to proceed with the refund. Despite the customer's continued aggression, the agent remained calm and helpful, eventually resolving the issue by escalating the case for immediate processing. The customer's satisfaction was not fully achieved due to their high expectations and the agent's inability to guarantee the refund would be processed within the desired timeframe.",False,0,False,False,False,False,False
36,payment_troubles,agent_mistake,10,payment_troubles,neutral,4,"The customer initiated the conversation with a clear description of their issue - a declined payment despite having sufficient funds. The agent responded apologetically and requested necessary information to investigate. After checking, the agent identified a potential issue with the payment gateway and decided to escalate the matter to a specialized team. The customer expressed concern over the escalation, seeking a quicker resolution and questioning the necessity of transferring the call. The agent reassured the customer that the payment team was better equipped to handle the issue and would likely request similar information.",False,0,False,False,False,False,False
37,technical_errors,successful,10,technical_errors,satisfied,5,"The customer reported an issue with the app crashing when loading their account. The agent apologized, asked for device and operating system information, and suggested reinstalling the app. After the customer reported that didn't work, the agent researched and found a potential conflict with a third-party library and iOS 15, created a ticket for the development team, and offered a temporary workaround. When that didn't work, the agent escalated the issue to the senior technical team and offered a complimentary premium support subscription as an apology.",False,0,False,False,False,False,False
38,account_access,problematic,12,account_access,satisfied,5,"The customer initially reported trouble accessing their account due to an incorrect username and password. The agent apologized and asked for the customer's username and operating system to assist in resolving the issue. The agent then checked the account, found an issue with the password, reset it, and asked the customer to verify their identity. After the password reset, the customer was still unable to log in, so the agent provided a detailed, step-by-step guide. The customer was eventually able to understand the process, and the agent added a note to the account to prevent future password resets.",False,0,False,False,False,False,False
39,tariff_questions,conflict,10,tariff_questions,neutral,2,"The customer initiated the conversation to understand the new tariff structure. The agent's response was vague and unhelpful, directing the customer to the website instead of providing a clear explanation. The customer persisted, seeking a simpler explanation, but the agent's tone became slightly rude and dismissive. The agent eventually checked for potential discounts but still failed to provide a clear explanation, leaving the customer somewhat satisfied but not fully informed.",True,3,False,True,True,True,False
40,refund,agent_mistake,9,refund,unsatisfied,3,"The customer initially requests a refund for a broken laptop, expressing frustration with the company's lack of help. The agent apologizes and offers to assist with the refund, requesting the order number. After locating the order, the agent informs the customer of a 30-day waiting period for refunds, which the customer disputes. The agent clarifies the warranty policy, escalates the issue, and offers a 10% discount on the next purchase. The customer remains unsatisfied, demanding only a refund.",True,2,False,True,False,True,False
41,payment_troubles,successful,10,payment_troubles,satisfied,4,"The customer initially reported trouble with their payment, stating their card was invalid. The agent responded by asking the customer to try again and then requested the order number to investigate further. The agent identified a potential issue with the customer's card and provided a solution by sending a link to update the payment method. Despite the customer's frustration and reluctance, the agent persisted in a professional manner, offering a guide and expressing understanding for the customer's frustration. Eventually, the customer's issue was resolved.",False,0,False,False,False,False,False
42,technical_errors,problematic,12,technical_errors,unsatisfied,2,"The customer initially reports a technical error with their app, receiving an error code 500 upon login. The agent requests additional information to troubleshoot the issue but fails to acknowledge the customer's frustration and provide a clear explanation for the error code. The agent follows protocol but lacks empathy, leading to customer dissatisfaction. The issue is eventually escalated, but the customer feels unheard.",True,3,False,True,True,True,False
43,account_access,conflict,11,account_access,satisfied,5,"The customer initially reported trouble accessing their account despite attempting a password reset. The agent apologized and requested the customer's account email or username to assist further. The customer provided the necessary information and inquired about the account lockout. The agent explained the reason for the lockout, verified the customer's identity, and offered a solution to unlock the account. The customer sought additional information on preventing future issues and the password reset process. The agent provided recommendations on enabling two-factor authentication and clarified the login process with this security measure in place.",False,0,False,False,False,False,False
44,tariff_questions,agent_mistake,8,tariff_questions,satisfied,5,"The customer reported being overcharged on their current tariff plan. The agent requested and received the customer's account details, identified the issue as an error on their part, and offered solutions. The customer chose to have the extra charge removed, which the agent processed. The agent confirmed the resolution and ensured the customer had no further issues.",False,0,False,False,False,False,False
45,refund,successful,8,refund,unsatisfied,5,"The customer initiated the conversation with a demand for a refund due to a defective purchase, expressing frustration and dissatisfaction. The agent responded apologetically and helpfully, requesting the order number to process the refund. Despite the customer's continued impatience and anger, the agent remained polite and professional, explaining the refund policy and the expected timeframe for the refund to be processed. The agent also assured the customer that the refund would be expedited and that an email notification would be sent once the refund was processed.",False,0,False,False,False,False,False
46,payment_troubles,problematic,13,payment_troubles,neutral,4,"The customer initially reported a payment issue, and the agent promptly asked for necessary information to investigate. The agent identified a potential system issue and attempted to manually process the payment. However, the verification process required the customer to download an app, which led to further complications. The agent tried to assist with the app download and password reset but ultimately had to escalate the issue to a specialized team.",False,0,False,False,False,False,False
47,technical_errors,conflict,10,technical_errors,unsatisfied,1,"The customer initially reports an issue with the app not loading, despite trying basic troubleshooting steps. The agent suggests further troubleshooting, but the customer is frustrated and requests a technical explanation. The agent becomes defensive and dismissive, leading to the customer requesting to speak to a supervisor.",True,4,True,True,True,True,False
48,account_access,agent_mistake,10,account_access,unsatisfied,2,"The customer initially reported trouble accessing their account despite trying to reset their password. The agent asked for the customer's email address and then suggested clearing the browser cache. After the customer mentioned they had already tried this and were still having issues, the agent offered to escalate the issue to the technical team. However, the customer expressed frustration and confusion about the process and the agent's inability to provide a clear explanation or solution. The agent eventually transferred the customer to the technical support team without fully addressing the customer's concerns or providing a clear explanation of what the technical team would do differently.",True,3,True,False,True,True,False
49,tariff_questions,successful,14,tariff_questions,satisfied,5,"The client initiated the conversation by inquiring about residential tariffs. The agent responded by providing a general overview and then specified the exact rates for each plan when asked. The client sought clarification on additional fees and extra charges for exceeding data limits, which the agent addressed. The client also inquired about promotions, and the agent informed them about a 10% discount for new customers. The client decided to proceed with the Premium plan and was guided through the sign-up process. Throughout the conversation, the agent provided relevant information and assisted the client in making an informed decision.",False,0,False,False,False,False,False
50,refund,problematic,9,refund,unsatisfied,3,"The customer initiated the conversation with a strong request for a refund due to dissatisfaction with a course. The agent responded by asking for the order number to investigate further. The customer provided the order number and expressed frustration over the 3-week refund processing time. The agent apologized, confirmed the processing time, and offered a 10% discount on the next purchase, which the customer found unacceptable. The agent then escalated the issue and provided contact information for follow-up. Throughout the conversation, the agent maintained a polite tone but was unable to resolve the customer's issue immediately.",True,1,False,True,False,False,False
51,payment_troubles,conflict,10,payment_troubles,neutral,3,"The customer initially reports a payment issue, which the agent attempts to troubleshoot by asking about card details. After the customer confirms their details are correct, the agent investigates further and suggests a bank issue. However, the customer remains unsatisfied due to the persistence of the problem across multiple cards, leading to a request for escalation. The agent, though somewhat reluctantly, escalates the issue.",True,2,False,True,True,False,False
52,technical_errors,agent_mistake,10,technical_errors,satisfied,4,"The customer initially reports their computer is freezing and needs help. The agent apologizes, asks for more details, and starts troubleshooting by suggesting a software update. The customer is unsure about updates and their impact on speed, which the agent clarifies. When the customer expresses concern about document safety, the agent provides reassurance but initially fails to directly address the concern, leading to the customer seeking further clarification. The agent then apologizes for the confusion and directly addresses the document safety issue.",True,1,True,False,False,False,False
53,account_access,successful,8,account_access,satisfied,5,"The customer reported being locked out of their account and the agent apologized and asked for account details to investigate. The agent identified a potential email address discrepancy, confirmed the email address with the customer, and manually verified the account to resolve the issue.",False,0,False,False,False,False,False
54,tariff_questions,problematic,11,tariff_questions,neutral,3,"The customer initiated the conversation with a concern about being charged too much for their current plan. The agent responded by asking for the customer's current plan and then offered a basic plan as an alternative. However, the customer expressed the need for features from the premium plan, and the agent struggled to provide detailed information about the premium plan's features. The agent eventually offered a 'pro' plan as a mid-tier option, which the customer accepted. The agent's handling of the situation was somewhat helpful but lacked detailed knowledge of the plans and their features.",True,2,False,True,True,False,False
55,refund,conflict,12,refund,satisfied,4,"The customer initially reported trouble with their refund, citing an order that never arrived but was being told to wait 30 days for the refund. The agent apologized, requested the order number, and upon locating the order, explained the refund policy. The agent then checked on the status, found a delay, and offered to expedite the refund while ensuring the customer's address was correct. However, the agent initially incorrectly suggested the customer return the item, which was not received. After correcting this mistake, the agent proceeded to process the refund within 3-5 business days.",True,1,False,True,False,False,False
56,payment_troubles,agent_mistake,12,payment_troubles,unsatisfied,2,"The customer initially reported a payment issue, and the first agent attempted to assist but ultimately escalated the issue to the finance team. The customer was transferred and spoke with a second agent who claimed the issue was resolved but failed to provide confirmation or directly address the customer's concerns.",True,2,True,False,False,True,False
57,technical_errors,successful,11,technical_errors,satisfied,5,"The customer reported an app crash issue. The agent asked for device and app version information, then suggested basic troubleshooting steps. After the customer confirmed these steps were already taken, the agent moved to advanced troubleshooting and eventually escalated the issue to the technical team.",False,0,False,False,False,False,False
58,account_access,problematic,9,account_access,unsatisfied,2,"The customer is having trouble accessing their account due to a password issue. The agent attempts to troubleshoot by suggesting a password reset, which the customer has already tried. The agent then offers to escalate the issue and provides a manual reset link. However, the agent's tone becomes somewhat dismissive towards the end of the conversation.",True,1,False,False,True,False,False
59,tariff_questions,conflict,10,tariff_questions,neutral,3,"The customer initiates the conversation seeking clarification on their current tariff plan. The agent requests the customer's account information to better assist them. After locating the account, the agent provides the customer with details about their 'Value' tariff plan. However, the customer expresses confusion about the plan's specifics, such as what the '1000 minutes of calls per month' entails and how it applies to calls to mobiles. The agent attempts to clarify but refers the customer to their tariff information document or the website for further details. The customer, not being computer savvy, seems to give up on getting a clearer explanation and thanks the agent for trying to help.",True,1,False,True,False,False,False
60,refund,agent_mistake,10,refund,neutral,3,"The customer initiated the conversation with a clear request for a refund due to a missing item and inquired about a return shipping label. The agent processed the refund but failed to address the customer's questions about the return shipping label and what to do if the item arrives after the refund. The agent eventually apologized and provided a vague solution, telling the customer to contact them again if the item shows up.",True,2,True,True,False,False,False
61,payment_troubles,successful,13,payment_troubles,neutral,4,"The customer initially reported a payment issue. The agent responded by asking for order details, then provided a reason for the decline based on the system. The customer disputed this, claiming the issue was on the support side. The agent offered a troubleshooting guide, which the customer had already tried, leading to an escalation of the issue. The agent then offered to resend the payment link and considered the customer's request for a discount, though was unable to grant it due to policy.",False,0,False,False,False,False,False
62,technical_errors,problematic,10,technical_errors,unsatisfied,4,"The customer initially reports a technical issue with the website crashing, and the agent responds by asking for more information to troubleshoot. The customer is frustrated but the agent remains calm and professional, suggesting common troubleshooting steps. The issue is eventually resolved, but the customer remains dissatisfied with the service.",False,0,False,False,False,False,False
63,account_access,conflict,13,account_access,unsatisfied,3,"The customer's initial request was to resolve an account lock issue. The agent's response was to reset the password, which the customer had already tried. The agent then requested account details, which the customer was hesitant to provide. The agent eventually located the account, explained the issue, and manually unlocked it after verifying the customer's identity. However, the customer's satisfaction was not fully achieved due to the lengthy and frustrating process.",True,2,True,False,True,False,False
64,tariff_questions,agent_mistake,8,tariff_questions,unsatisfied,3,"The customer initiated the conversation by expressing dissatisfaction with their current plan and requesting a cheaper option. The agent responded by offering to help explore other options and inquired about the customer's usage. The customer provided more information and asked about the cheapest plan. The agent presented a basic plan but failed to fully address the customer's concerns about data overage charges, leading to confusion and frustration. Eventually, the agent apologized and provided more information about tracking data usage.",True,2,True,True,False,False,False
65,refund,successful,10,refund,satisfied,5,"The customer initiated the conversation with a clear request for a refund due to a product not fitting. The agent responded apologetically and helpfully, requesting the order number to proceed. The customer provided additional context about a discrepancy in the product description, which the agent acknowledged and apologized for. The agent then inquired about the product's quality and performance, to which the customer replied that there were no issues, just a fit problem. The agent explained the refund policy, including a restocking fee, and offered a detailed breakdown. The customer found this reasonable and asked about the refund process timeline and confirmation, which the agent clearly explained. Throughout the conversation, the agent maintained a polite and helpful tone, addressing all the customer's concerns.",False,0,False,False,False,False,False
66,payment_troubles,problematic,13,payment_troubles,unsatisfied,2,"The customer initially reports a payment issue, and the agent responds by asking for verification of card details and account restrictions. The customer confirms everything is in order, and the agent then checks on the issue, finding a potential problem with the payment gateway. However, the agent fails to provide detailed information or a specific solution, instead offering a generic troubleshooting guide and suggesting the use of a different card. The customer requests escalation, which the agent reluctantly accommodates by providing a case reference number.",True,3,False,True,True,True,False
67,technical_errors,conflict,12,technical_errors,satisfied,5,"The customer initially reports a problem with accessing a website due to a '404 error'. The agent apologizes and asks for more information, then explains the error and suggests troubleshooting steps, including restarting the browser and checking the internet connection. When these steps don't work, the agent offers alternative solutions, such as clearing the browser cache, and provides detailed instructions.",False,0,False,False,False,False,False
68,account_access,agent_mistake,10,account_access,unsatisfied,2,"The customer initially reported trouble accessing their account despite trying to reset their password. The agent identified the issue as a locked account due to multiple failed login attempts and offered to unlock it. However, the customer also sought explanations for the 'forgot password' link not working and the account lockout policy to prevent future occurrences. The agent failed to directly address these questions, instead focusing solely on unlocking the account and sending a password reset link.",True,2,True,True,False,False,False
69,tariff_questions,successful,8,tariff_questions,satisfied,5,"The customer initially inquired about tariffs on their business plan. The agent responded by asking for more information, but the customer requested a simple answer. The agent then provided the cheapest plan and assisted with the switching process. The customer's issue was resolved, and they received the necessary information.",False,0,False,False,False,False,False
70,refund,problematic,11,refund,unsatisfied,2,"The customer initiated the conversation with a refund request for a broken laptop, displaying frustration. The agent followed the company's procedures, requesting necessary information and attempting to troubleshoot the issue. However, the customer's frustration escalated due to the agent's adherence to the script, ultimately leading to a request to escalate the issue to a supervisor.",True,2,True,False,True,False,False
71,payment_troubles,conflict,10,payment_troubles,unsatisfied,4,"The customer's initial request was about a declined payment. The agent responded with basic troubleshooting, which the customer had already done. The agent then attempted to gather more information and eventually identified a potential issue with the bank's 3D Secure authentication. The customer grew frustrated, but the agent remained empathetic and followed protocol, ultimately escalating the issue to a specialized team.",False,0,False,False,False,False,False
72,technical_errors,agent_mistake,10,technical_errors,unsatisfied,1,"The customer initially reports an issue with their app crashing when loading their profile. The agent suggests restarting the app, which the customer has already tried. The agent then asks about the internet connection, which the customer confirms is not the issue. The agent becomes defensive and unhelpful, eventually escalating the issue to a supervisor after the customer requests it. The agent's tone and language are unprofessional and dismissive.",True,4,True,True,True,True,False
73,account_access,successful,10,account_access,satisfied,5,"The customer initially reported trouble accessing their account despite trying to reset their password. The agent responded by asking for the customer's account email or username to investigate further. The customer provided the necessary information and explained the steps they had already taken. The agent then sent a password reset email and suggested trying a different browser or device to isolate the issue. After the customer confirmed that trying a different browser worked, the agent concluded that the issue was browser-related and offered further assistance if needed.",False,0,False,False,False,False,False
74,tariff_questions,problematic,8,tariff_questions,satisfied,5,"The customer initiated the conversation with a complaint about paying too much for their plan, demanding a change. The agent apologized and offered to assist in exploring alternative options. The customer grew impatient, but the agent remained polite and professional, eventually recommending a new plan and processing the changes.",False,0,False,False,False,False,False
75,refund,conflict,10,refund,unsatisfied,2,"The customer requested a refund for order #1234 due to non-receipt. The agent asked for confirmation of the order date and reason, which the customer provided. However, the agent then stated that the customer must wait 3 more business days for the refund to be processed automatically, despite the customer's request for an immediate refund. The customer became frustrated and asked to speak to a supervisor, which the agent agreed to escalate.",True,1,False,False,False,True,False
81,payment_troubles,successful,8,payment_troubles,satisfied,4,"The customer initially reported a payment issue, and the agent responded by asking the customer to check their card details and balance. The customer confirmed they had done so, and the agent then investigated the issue, finding that the bank had flagged the transaction as suspicious. The agent provided a solution by sending a link to verify the card, which the customer was initially hesitant about but ultimately used to resolve the issue.",False,0,False,False,False,False,False
76,payment_troubles,agent_mistake,10,payment_troubles,unsatisfied,2,"First, the customer reports a declined payment and asks for the specific error code. Second, the agent asks for order details, checks the status, claims a technical issue, retries the payment, then processes a refund without providing the error code. The customer repeatedly asks for the error code, but the agent never answers, eventually ending the conversation with an apology and promise to pass feedback. Third, the agent ignored the customer's direct question about the error code and did not resolve that request, constituting ignored_question and no_resolution mistakes. Finally, given the unresolved request and the customer's continued dissatisfaction, the quality score should be low.",True,2,True,False,False,True,False
77,technical_errors,successful,8,technical_errors,satisfied,5,"First, I identified the customer's request: the computer won't turn on, which falls under technical_errors. Second, I examined the agent's responses: the agent asked clarifying questions, provided a power‑cycle procedure, suggested checking the power cord, and ultimately guided the customer to the solution. Third, I looked for mistakes: the agent did not ignore any question, gave correct information, maintained a polite tone, and achieved resolution without unnecessary escalation, so there are no mistakes. Finally, I concluded that the customer ended the conversation satisfied, the issue was resolved, and the overall interaction was effective, warranting a high quality score.",False,0,False,False,False,False,False
78,account_access,problematic,10,account_access,neutral,2,"I first identified the customer's request: they cannot log into their account, which maps to the 'account_access' intent. I then examined the agent's handling: the agent apologized excessively, asked for verification, suggested a password reset, and finally escalated without resolving the issue. The agent did not provide a solution, only an escalation, and the customer remained frustrated, indicating neutral satisfaction. The agent's main mistake is the lack of resolution (no_resolution). Since the problem was not solved, I mark is_problem_solved as false. Considering the polite but overly apologetic tone, the incomplete troubleshooting, and the escalation, I assign a quality score of 2.",True,1,False,False,False,True,False
79,tariff_questions,conflict,10,tariff_questions,unsatisfied,2,"First, the customer asks for a breakdown of charges on the Premium tariff and clarification of an unexpected $10 data overage fee. Second, the agent explains the plan details, attributes the fee to data overage, and denies any grace period despite the customer's reference to the terms. The agent then refuses to adjust the charge and offers to escalate. Third, the agent provided incorrect information about the grace period, ignored the customer's cited policy, and failed to resolve the dispute before escalating. These constitute incorrect_info, ignored_question, and no_resolution. Finally, given the unresolved issue and the customer's unsatisfied tone, the quality score should be low.",True,3,True,True,False,True,False
80,refund,agent_mistake,8,refund,unsatisfied,1,"First, the customer requests a refund for a broken laptop, indicating a refund intent. Second, the agent repeatedly states company policy that sales are final, dismisses the warranty claim, and does not offer a resolution or escalation, leaving the customer angry. Third, the agent provides incorrect information about the refund policy, fails to resolve the issue, and does not address the customer's request for a supervisor, constituting mistakes of incorrect_info and no_resolution. Finally, given the lack of resolution and the customer's continued dissatisfaction, the quality score is low, the client is unsatisfied, and the problem remains unsolved.",True,2,False,True,False,True,False
82,technical_errors,problematic,11,technical_errors,neutral,2,"First, the customer reports that the app is stuck on a loading screen, which is a technical problem. The agent responds with apologies and asks for details, then suggests restarting and checking internet, which the customer says they've already done. The agent then offers to send a reset link and asks for 5-7 minutes to verify changes, but does not confirm that the issue is resolved. The customer only asks for the link and ends with ""okay"" without confirming resolution. The intent is therefore a technical error. The customer's final tone is neutral—not angry but not explicitly satisfied. The problem was not definitively solved by the end of the chat. The agent's main mistake is providing no concrete resolution or verification, resulting in a ""no_resolution"" mistake. Given the lack of resolution and overly apologetic, but polite tone, the quality score is low.",True,1,False,False,False,True,False
83,account_access,conflict,10,account_access,neutral,3,"First, the customer reports being unable to log in, indicating an account access issue. Second, the agent responds with overly polite language, asks for details, explains the authentication process, and attempts a password reset, but the reset does not resolve the problem. The agent then guides the customer through a manual password reset and sends a reset link. Third, the agent's mistakes include not achieving a resolution by the end of the chat (the customer still cannot log in) and providing excessive apologies without concrete verification of success. Finally, given the incomplete resolution and the agent's verbose style, the quality score is moderate.",True,1,False,False,False,True,False
84,tariff_questions,agent_mistake,8,tariff_questions,unsatisfied,2,"First, the customer asked for clarification about their Basic tariff plan, specifically extra fees and add‑ons. Second, the agent gave a brief overview of the plan and mentioned possible extra fees, but did not provide detailed answers to the customer's specific questions about extra fees and add‑ons. Third, the agent repeatedly claimed the issue was resolved and ended the conversation without addressing the unanswered questions, which constitutes ignored_question and no_resolution mistakes. Finally, given the incomplete assistance and the customer's likely frustration, the quality score is low, the client is unsatisfied, and the problem remains unsolved.",True,2,True,False,False,True,False
85,refund,successful,10,refund,satisfied,5,"First, the customer requests a refund for a recent purchase. Second, the agent asks for the order number, confirms the order details, checks the refund status, explains the processing time, and provides a confirmation number. Third, the agent makes no mistakes: they answer the question, give correct information, maintain a polite tone, and resolve the issue without unnecessary escalation. Finally, the interaction ends with the customer expressing gratitude, indicating satisfaction, and the refund process is explained and confirmed, so the quality score should be high.",False,0,False,False,False,False,False
86,payment_troubles,problematic,11,payment_troubles,neutral,3,"First, the customer reports a declined tuition payment, indicating a payment_troubles intent. Second, the agent apologizes, asks for card details, and suggests a temporary hold and alternative payment methods, but does not resolve the card decline. The agent eventually escalates to a supervisor without fixing the issue. Third, the agent's main mistake is providing no resolution to the core problem, resulting in a 'no_resolution' error. Finally, the customer ends the chat with a neutral tone, the problem remains unsolved, and the overall interaction merits a moderate quality score.",True,1,False,False,False,True,False
87,technical_errors,conflict,12,technical_errors,neutral,2,"First, the customer reports an app not loading with a server error, which falls under technical_errors. Second, the agent repeatedly asks the customer to perform troubleshooting steps instead of providing an immediate solution, leading to frustration. The agent eventually escalates the issue without resolving it in the chat. Third, the agent's mistakes include ignoring the customer's direct request for a solution, providing no resolution within the conversation, and possibly escalating unnecessarily before exhausting simple troubleshooting. Finally, the customer's tone at the end is neutral—they accept the escalation but do not express satisfaction, and the problem remains unresolved, so the quality score is low.",True,3,True,False,False,True,True
88,account_access,agent_mistake,10,account_access,unsatisfied,2,"First, the customer requests help accessing their account because password reset attempts have failed. Second, the agent repeatedly asks for verification details and sends a reset link but never addresses why previous resets failed, nor provides a concrete solution. Third, the agent ignored the customer's repeated question about the failure reason and did not resolve the issue, ending the conversation by suggesting contacting technical support. Finally, given the lack of resolution, ignored question, and the customer's continued frustration, the quality score should be low.",True,2,True,False,False,True,False
89,tariff_questions,successful,10,tariff_questions,satisfied,5,"The customer initially asked for a list of tariffs, which classifies as a tariff_questions intent. The agent provided a link to the tariffs and then answered the follow‑up request for the cheapest plan, correctly stating the Basic plan at $9.99/month. When the customer asked how to switch, the agent gave clear instructions and executed the switch after the customer’s command. The conversation ended with the customer thanking the agent, indicating satisfaction. No mistakes such as ignored questions, incorrect information, rude tone, lack of resolution, or unnecessary escalation were observed. The problem (identifying and switching to the cheapest tariff) was fully resolved, so a high quality score is appropriate.",False,0,False,False,False,False,False
90,refund,problematic,9,refund,unsatisfied,2,"First, the customer requests a refund for order #1234 due to a defective product. Second, the agent follows company policy by asking if the customer contacted the manufacturer and refuses to process the refund without that step, eventually providing supervisor contact information. Third, the agent fails to resolve the refund request, offering no direct solution and only a contact number, which leaves the customer angry and unsatisfied. Finally, the quality score reflects the polite tone but lack of resolution, resulting in a low rating.",True,1,False,False,False,True,False
91,payment_troubles,conflict,10,payment_troubles,satisfied,4,"First, the customer reports a declined payment despite sufficient funds, indicating a payment_troubles intent. Second, the agent apologizes, asks for details, explains a technical glitch, offers a review, and eventually reprocesses the payment, confirming success. Third, the agent does not ignore any direct questions, provides correct information, maintains a polite tone, and resolves the issue, so no listed mistakes are present. Finally, the issue is resolved, the customer appears satisfied, and the overall handling is good but overly verbose, leading to a quality score of 4.",False,0,False,False,False,False,False
92,technical_errors,agent_mistake,10,technical_errors,unsatisfied,1,"First, the customer reports a computer that will not power on, which is a technical issue. The agent initially suggests checking the power cord and a power‑button hold, which are relevant steps, but then abruptly becomes dismissive, uses a rude tone, and fails to provide a clear solution. The agent also ignores the customer's confusion about ""turn it off and on again"" and ends the conversation without resolving the problem. These actions constitute rude_tone, ignored_question, and no_resolution. Consequently, the customer's satisfaction is low, the problem remains unsolved, and the overall support quality is very poor, warranting a low score.",True,3,True,False,True,True,False
93,account_access,successful,10,account_access,satisfied,4,"The customer initially requests help because they are locked out of their account, indicating an account access issue. The agent first suggests a password reset, then asks for the email, advises clearing cache, and finally performs a manual password reset, which resolves the problem. The customer confirms the solution works and expresses thanks, showing satisfaction. The agent addressed all customer inputs, provided a correct resolution, and did not exhibit rude tone or ignore questions. Therefore, there are no evident mistakes, the issue is solved, the customer is satisfied, and the interaction merits a high quality rating.",False,0,False,False,False,False,False
94,tariff_questions,problematic,11,tariff_questions,satisfied,4,"First, I identified the customer's request: they want to understand the differences between tariff plans and explore options. This fits the 'tariff_questions' intent. Next, I examined the agent's handling: the agent provided clear information about each plan, stayed polite, and offered a small credit, but relied heavily on a script and did not offer any flexible solutions, which the customer asked for. However, the core question about plan differences was answered. I found no rude tone, incorrect information, ignored questions, or unnecessary escalation. The only shortcoming is the lack of a more helpful resolution for the flexibility request, but the primary informational need was met, so the problem is considered solved. The customer ended the conversation with a thank you, indicating satisfaction. Based on these observations, I assign a quality score of 4.",False,0,False,False,False,False,False
95,refund,conflict,10,refund,unsatisfied,2,"First, the customer requests a refund for a defective purchase (intent: refund). Second, the agent repeatedly asks for additional information and insists on following a script, never processing the refund or offering a clear path to resolution. Third, the agent's mistakes include providing no resolution and effectively ignoring the customer's immediate request, leading to escalation by the customer. Finally, given the lack of solution, the customer's evident frustration, and the agent's inflexibility, the quality score is low, the customer remains unsatisfied, and the problem is unsolved.",True,1,False,False,False,True,False
96,payment_troubles,agent_mistake,12,payment_troubles,satisfied,2,"First, the customer reports a declined payment, which maps to the 'payment_troubles' intent. The agent asks for account details but responds with impatience ('Look, I don't have all day', 'I haven't got all day'), displaying a rude tone. The agent eventually obtains the account number and escalates the issue without resolving it, resulting in no resolution within this chat. The customer ends the conversation thanking the agent, indicating satisfaction despite the unresolved issue. The agent's mistakes are the rude tone and lack of resolution. Given these factors, the quality score is low, around 2 out of 5.",True,2,False,False,True,True,False
97,technical_errors,successful,10,technical_errors,satisfied,4,"First, the customer reports that the app shows a blank screen and asks for help, which is a technical problem. Second, the agent asks clarifying questions, suggests checking updates, then recommends clearing the app cache and provides step-by-step instructions. The customer follows the steps and confirms the issue is resolved. Third, the agent did not ignore any question, gave correct information, was not rude, provided a resolution, and did not unnecessarily escalate. Therefore, there are no listed mistakes. Finally, the interaction ends with the customer expressing thanks, indicating satisfaction, and the problem is solved, so the quality score is high but not perfect due to the overly verbose and formal tone, resulting in a score of 4.",False,0,False,False,False,False,False
98,account_access,problematic,11,account_access,satisfied,2,"First, the customer reports inability to log in due to password issues, which maps to the 'account_access' intent. The agent attempts to help but repeatedly dismisses the customer's requests for clear, step‑by‑step guidance, uses a rude tone (e.g., ""Ugh"", ""I don't have time for this""), and fails to fully address each question, constituting ignored questions and rude behavior. Despite the attitude, the customer eventually reports the issue is resolved, indicating satisfaction and that the problem was solved. The agent's mistakes are therefore 'ignored_question' and 'rude_tone'. Given the resolution but poor service quality, a quality score of 2 is appropriate.",True,2,True,False,True,False,False
99,tariff_questions,conflict,10,tariff_questions,satisfied,4,"First, I identified the customer's request: they asked for tariff details, differences between tiers, customization options, a timeline for follow‑up, and any current promotions. This fits the 'tariff_questions' intent. Second, I examined the agent's responses: the agent provided the tariff breakdown, explained tier features, offered a bespoke plan with a scheduled specialist follow‑up, gave a clear 48‑72 hour timeline, and mentioned a 10% discount promotion. The customer responded positively and accepted the timeline, indicating satisfaction. Third, I checked for mistakes: the agent answered every question, gave accurate information, maintained a polite tone, and did not ignore any query or provide incorrect data. No unnecessary escalation occurred; involving a specialist for customization is appropriate. Therefore, there are no agent mistakes. Finally, I concluded that the problem was effectively solved and the interaction was satisfactory, assigning a quality score of 4 for thoroughness and politeness despite the overly apologetic style.",False,0,False,False,False,False,False
100,refund,agent_mistake,10,refund,unsatisfied,2,"The customer contacts support about a missing refund and a $10 processing fee, asking for clarification and a possible waiver. The agent acknowledges the issue, provides a refund timeline, and repeats the policy about the fee without offering a waiver or new information. The customer remains unsatisfied, repeating the fee question and receiving the same answer. The intent is clearly a refund inquiry. The agent's tone is polite but they ignore the specific request to waive the fee and do not resolve that part of the problem, resulting in no full resolution. Therefore the client ends the chat unsatisfied, the problem is not fully solved, and the agent made mistakes by ignoring the waiver request and providing no resolution. The overall quality is low, warranting a score of 2.",True,2,True,False,False,True,False
101,payment_troubles,successful,11,payment_troubles,satisfied,4,"First, the customer reports a payment issue, so the intent is payment_troubles. The agent asks for identifying information, provides a reason for the decline, and requests verification details, which is appropriate. The agent then confirms the payment was processed and gives a timeframe for funds to appear, addressing the customer's concern. The customer ends the conversation with a positive remark, indicating satisfaction. No rude tone, no ignored questions, and the issue appears resolved, so there are no evident mistakes. Based on politeness, completeness, and resolution, the quality score is high but not perfect, resulting in a score of 4.",False,0,False,False,False,False,False
102,technical_errors,problematic,11,account_access,neutral,2,"First, I identified the customer's request: they cannot log in and receive an 'invalid credentials' error despite password resets and cache clearing. This fits the 'account_access' intent. Second, I examined the agent's handling: the agent asked for details, suggested troubleshooting steps, escalated to technical team with a 24‑hour wait, and finally offered a mobile app workaround. The agent was polite but did not resolve the login issue and escalated unnecessarily, leading to no immediate resolution. Third, I noted the agent's mistakes: the problem remained unsolved and the escalation was unnecessary given a possible immediate workaround. Fourth, I concluded the overall quality is low due to lack of resolution and unnecessary escalation, assigning a score of 2.",True,2,False,False,False,True,True
103,account_access,conflict,12,account_access,satisfied,5,"First, the customer reports inability to log in and mentions an 'inactive' account status, indicating an account access issue. Second, the agent asks for identifying information, explains the inactive status, suggests troubleshooting steps, checks notification failure, clarifies why the account was marked inactive, verifies last login dates, and finally offers to secure the account by locking it, resetting the password, and sending a new reset link. Third, the agent did not ignore any question, provided correct and relevant information, maintained a polite tone, and offered a clear resolution without unnecessary escalation. No mistakes are evident. Finally, given the comprehensive assistance and promised actions to restore access, the interaction merits a high quality rating.",False,0,False,False,False,False,False
104,tariff_questions,agent_mistake,9,tariff_questions,unsatisfied,1,"First, the customer asks to upgrade their basic plan because speeds are throttled. Second, the agent responds with unrelated troubleshooting steps, then incorrectly claims policy prevents upgrades and offers no solution, showing a dismissive tone. Third, the agent ignored the core request, provided incorrect information, was condescending (rude tone), and failed to resolve the issue. Finally, given the unsatisfied customer and lack of resolution, the quality score should be low.",True,4,True,True,True,True,False
105,refund,successful,10,refund,satisfied,5,"I first identified the customer's request as a refund request, which maps to the 'refund' intent. I then examined the agent's responses: the agent asked for the order number, confirmed the nature of the defect, processed the refund, provided clear timelines, and closed the conversation politely. The customer thanked the agent and indicated no further issues, showing satisfaction. No mistakes such as ignored questions, incorrect information, rude tone, lack of resolution, or unnecessary escalation were observed. Consequently, the problem was solved, the client is satisfied, and the interaction merits a high quality score.",False,0,False,False,False,False,False
106,payment_troubles,problematic,10,payment_troubles,neutral,3,"First, the customer reports a payment decline using a credit card, which maps to the payment_troubles intent. Second, the agent responds with excessive apologies and requests sensitive information, then explains the issue is a temporary block by the issuing bank and offers a guide, but does not actually resolve the declined payment. Third, the agent's main mistake is providing no concrete resolution to the payment problem, which is captured as a 'no_resolution' error. Finally, the customer's final remark is subdued gratitude, indicating neutral satisfaction, and the overall interaction merits a moderate quality score.",True,1,False,False,False,True,False
107,technical_errors,conflict,12,technical_errors,neutral,3,"First, I identified the customer's request: they report a software 'syntax error' when checking email, which falls under technical_errors. Second, I examined the agent's handling: the agent asked for details, explained the error, suggested restarting the computer, and provided instructions. The agent was polite and clear but did not achieve a resolution within the dialogue. Third, I noted the agent's mistake: the issue remained unresolved by the end of the chat, which counts as a no_resolution mistake. Fourth, I concluded the quality score should reflect helpfulness but lack of resolution, assigning a moderate score of 3.",True,1,False,False,False,True,False
108,account_access,agent_mistake,10,account_access,unsatisfied,1,"I first identified the customer's request: they cannot access their account and suspect it is locked, which falls under the account_access intent. I then examined the agent's responses: the agent repeatedly redirected the customer to password‑reset policies and FAQs, ignored the lockout issue, provided limited or incorrect information, and offered no concrete solution or escalation. These constitute ignored_question, incorrect_info, and no_resolution mistakes. The customer ends the conversation angry and the problem remains unresolved, indicating unsatisfied sentiment and a false is_problem_solved flag. Given the multiple mistakes and lack of resolution, I assign the lowest quality score.",True,3,True,True,False,True,False
109,tariff_questions,successful,10,payment_troubles,neutral,5,"First, I identified the customer's main issue: they feel overcharged and claim their plan is not truly unlimited, which fits the payment_troubles category. Second, I examined the agent's responses: the agent apologized, gathered account info, explained the data cap, offered a cheaper unlimited plan, and processed the upgrade without being rude or ignoring any question. Third, I found no mistakes such as ignored questions, incorrect information, rude tone, lack of resolution, or unnecessary escalation. Finally, I concluded that the customer's problem was resolved, the client remains somewhat angry but accepts the solution (neutral satisfaction), and the overall interaction merits a high quality score of 5.",False,0,False,False,False,False,False
110,refund,problematic,9,refund,satisfied,3,"First, the customer reports a refund issue, so the intent is 'refund'. The agent asks for the order number, checks the order, and informs the customer that a refund notification email was sent. The customer cannot locate the email and asks for more help. The agent explains the email content, suggests checking the spam folder, and offers to resend the notification, which they do. The customer thanks the agent, indicating satisfaction. However, the core issue—confirming that the refund has been received—remains unresolved, as the customer has not yet verified the email or the refund status. Therefore, the problem is not fully solved. The agent's main mistake is that the issue was not resolved by the end of the chat, constituting a 'no_resolution' mistake. The overall interaction is polite and helpful but incomplete, warranting a moderate quality score.",True,1,False,False,False,True,False
111,payment_troubles,conflict,10,payment_troubles,satisfied,5,"I first identified the customer's request as a duplicate payment issue with a demand for a refund, explanation, and prevention measures, which maps to the payment_troubles intent. I then examined the agent's replies: the agent apologized, gathered account info, confirmed the duplicate charge, explained the cause, promised a refund (initially 3‑5 days then expedited), described preventive actions, and provided a ticket number. The customer ended the conversation appreciative and without further complaints, indicating satisfaction. I found no ignored questions, incorrect information, rude tone, lack of resolution, or unnecessary escalation, so the agent made no mistakes. The issue was resolved as the refund was expedited and a ticket was issued. Based on thoroughness, politeness, and successful resolution, I assign a high quality score.",False,0,False,False,False,False,False
112,technical_errors,agent_mistake,10,technical_errors,unsatisfied,2,"First, the customer reports a laptop freezing issue, which falls under technical_errors. Second, the agent responds politely but immediately escalates without attempting any troubleshooting or addressing the customer's specific problem, effectively ignoring the question and providing no resolution. Third, the agent's mistakes include ignoring the customer's query, offering no resolution, and unnecessarily escalating the issue. Finally, given the lack of problem resolution and the customer's continued anger, the satisfaction is unsatisfied and the quality score is low.",True,3,True,False,False,True,True
113,account_access,successful,12,account_access,satisfied,5,"The customer reports being unable to log in despite password reset attempts and not receiving the reset email. I identified the intent as account access issues. I examined the agent's responses: they asked for the email, sent a reset link, investigated delivery problems, discovered an IP block, lifted it, resent the link, offered a temporary login code, and explained its expiration. The customer confirmed receipt of the reset link and expressed gratitude, indicating satisfaction. No mistakes such as ignored questions, incorrect information, rude tone, lack of resolution, or unnecessary escalation were observed. Therefore, the problem was resolved, the customer is satisfied, and the interaction merits a high quality rating.",False,0,False,False,False,False,False
114,tariff_questions,problematic,12,tariff_questions,unsatisfied,2,"First, the customer asked for help understanding their recent phone bill and the differences between tariff plans. The agent collected the account number, identified the current plan, and gave a brief description of minutes but did not clearly explain what “minutes of talk time” means, ignored the request for a simple explanation, and pushed the customer to the website with a scripted response, providing no resolution. These actions constitute ignored_question and no_resolution mistakes. The customer ends the conversation still confused and apologetic, indicating unsatisfaction, and the issue remains unresolved. Therefore a low quality score is warranted.",True,2,True,False,False,True,False
115,refund,conflict,8,refund,unsatisfied,2,"I first identified the customer’s request as a refund inquiry, which matches the ""refund"" intent. I then examined the agent’s handling: the agent asked for the order number, gave a generic delay explanation, failed to address the request for a supervisor, insisted the customer calm down, and only escalated without resolving the refund. These actions constitute ignored_question, rude_tone, and no_resolution. The customer remains angry at the end, indicating unsatisfied. The problem (refund) was not resolved, so is_problem_solved is false. Given the multiple mistakes and poor outcome, I assign a low quality score of 2.",True,3,True,False,True,True,False
116,payment_troubles,agent_mistake,8,payment_troubles,unsatisfied,1,"I first identified the customer’s request as a payment problem – they were charged but the payment remained pending. I then examined the agent’s replies: the agent apologized repeatedly, gave vague statements, claimed to have fixed the issue without providing any concrete action, and ultimately ended the conversation without resolving the payment. This shows the agent ignored the core question and provided no resolution. The customer remained angry and the issue was not solved, indicating unsatisfied sentiment. Based on these observations I assign a low quality score.",True,2,True,False,False,True,False
117,technical_errors,successful,12,technical_errors,satisfied,4,"First, the customer reports a technical error: the app crashes when uploading files. Second, the agent asks for device and app version, provides possible causes, suggests workarounds, and offers an update that may fix the issue, ending with clear instructions. Third, the agent does not ignore any question, gives accurate information, maintains a polite tone, and does not unnecessarily escalate. No evident mistakes are present. Fourth, based on the interaction the customer ends the chat satisfied, but the issue is not confirmed resolved, so the quality score is high but not perfect.",False,0,False,False,False,False,False
118,account_access,problematic,11,account_access,unsatisfied,2,"First, the customer is upset about being unable to access their account due to password issues, which maps to the account_access intent. Second, the agent initially suggested a password reset, then performed a manual reset, but after the customer reported the issue persisted, the agent refused to provide the password and suggested contacting a supervisor, ending the conversation without confirming resolution. Third, the agent failed to resolve the problem and escalated unnecessarily, constituting a no_resolution and unnecessary_escalation mistake. Finally, given the unresolved issue and the customer's angry tone, the satisfaction is unsatisfied and the quality score should be low, around 2.",True,2,False,False,False,True,True
119,tariff_questions,conflict,12,tariff_questions,satisfied,4,"I first identified the customer's request: they were confused about their current tariff, wanted clarification, a comparison with other plans, and eventually wanted to switch. I then examined the agent's responses: the agent apologized repeatedly, provided detailed explanations, answered the clarification question, compared plans, and processed the plan change, fulfilling the customer's needs. I looked for any mistakes such as ignored questions, incorrect information, rude tone, lack of resolution, or unnecessary escalation; none were present. The customer expressed gratitude and confirmed the desire to switch, indicating satisfaction. The problem was resolved as the plan was changed. I concluded the interaction was handled well, though the overly verbose style prevents a perfect rating, so I assigned a quality score of 4.",False,0,False,False,False,False,False
120,refund,agent_mistake,8,refund,neutral,2,"The customer contacts support about a delayed refund and asks for a status update and timeline. The agent apologizes repeatedly, asks for the order number, and then decides to transfer the customer to a specialized Refund Resolution Team without providing a concrete answer or timeline. The customer questions the need for transfer and asks for an expected timeline, but the agent only describes what the other team will do, not giving a specific answer. The issue remains unresolved at the end of the chat, and the customer appears resigned but not satisfied. Therefore, the intent is 'refund', the satisfaction is 'neutral', the problem is not solved, and the agent made several mistakes: they did not resolve the issue, escalated unnecessarily, and ignored the direct question about a timeline. Given the lack of resolution and unnecessary escalation, the quality score is low, around 2.",True,3,True,False,False,True,True
122,technical_errors,problematic,17,technical_errors,neutral,3,"I first identified the customer's request: the computer freezes, shows a runtime error, and later the password is forgotten, ending with the computer still freezing. This fits the 'technical_errors' intent. I then examined the agent's handling: the agent asked for the error message, suggested safe mode, guided a password reset, provided a link, offered an alternative download, and finally escalated the issue. The agent was polite and responsive but did not resolve the core problem (freezing persists). The main mistake is the lack of a resolution, though no rude tone or ignored questions were present. The customer ends with a simple thank you, indicating neutral satisfaction. Considering helpfulness but no solution, I assign a quality score of 3 and mark the problem as unsolved.",True,1,False,False,False,True,False
123,account_access,conflict,10,account_access,unsatisfied,2,"First, the customer reports being unable to access their account despite multiple password reset attempts, indicating an account_access issue. Second, the agent responds with irrelevant troubleshooting (clearing browser cache) despite the customer being on mobile, ignores the specific problem, and provides no useful solution. The agent's tone becomes slightly dismissive and they eventually offer escalation without resolving the issue. Third, the agent made several mistakes: ignoring the customer's specific context, using a somewhat rude tone, and failing to provide a resolution before escalating. Finally, given the unresolved problem, the customer's continued frustration, and the agent's poor handling, the quality score should be low, around 2.",True,3,True,False,True,True,False
124,tariff_questions,agent_mistake,10,tariff_questions,unsatisfied,1,"First, the customer asks about their current tariff and wants to know about other options, which maps to the tariff_questions intent. Second, the agent responds with a dismissive and condescending tone, provides minimal information, ignores the request for simpler explanation and for details on other plans, and does not resolve the customer's confusion. Third, the agent's mistakes include rude_tone, ignored_question, and no_resolution. Finally, the customer remains confused and unsatisfied, so the problem is not solved and the quality score is low.",True,3,True,False,True,True,False
125,refund,successful,7,refund,satisfied,5,"First, the customer requests a refund for a recent purchase. The agent asks for the order number, provides the refund policy timeline, confirms proceeding, and initiates the refund, then asks if further help is needed. The agent addresses the request fully, provides clear information, and completes the action without errors. No questions from the customer were ignored, no incorrect info was given, tone was polite, and the issue was resolved. Therefore the interaction merits a high quality rating.",False,0,False,False,False,False,False
126,payment_troubles,problematic,9,payment_troubles,neutral,2,"I first identified the customer's request as a payment failure, which maps to the 'payment_troubles' intent. I then examined the agent's responses: the agent began with apologies and asked for details, which was appropriate, but then suggested clearing cache and trying another browser despite the customer stating they had already tried those steps. This ignored the customer's explicit request to check on the company's side, constituting an ignored question. The agent later checked the system and escalated the issue without providing a concrete resolution, so the problem remained unsolved by the end of the chat. The customer's final remark shows hope but no satisfaction, indicating a neutral sentiment. Based on these observations, I assign a low quality score, note the specific mistakes, and mark the problem as unsolved.",True,2,True,False,False,True,False
127,technical_errors,conflict,12,technical_errors,neutral,3,"I first identified the customer's request: they have a software error (Error 421) and need help fixing it, which falls under technical_errors. I then examined the agent's handling: the agent asked for details, provided safe‑mode instructions, explained the inability to remote‑access, and offered escalation. The agent was polite but did not resolve the issue, only escalated it, which means the problem remains unsolved. The main mistake is the lack of resolution within the chat, though the escalation is appropriate. The customer ends the conversation frustrated but accepts the escalation, indicating a neutral level of satisfaction. Considering the polite tone but no immediate solution, I assign a quality score of 3.",True,1,False,False,False,True,False
128,account_access,agent_mistake,8,account_access,unsatisfied,3,"First, the customer is unable to log into their account after changing their password, which fits the 'account_access' intent. The agent asked for verification details, reset the password, and promised a new password email, addressing the primary access issue. However, the customer also asked about the old password, and the agent ignored this question, providing no information about it. This constitutes an 'ignored_question' mistake. The customer's tone remains angry and unsatisfied at the end, indicating unsatisfied satisfaction. The main access problem was resolved, so the problem is considered solved despite the ignored sub‑question. Given the correct steps but the ignored request and slightly abrupt tone, a quality score of 3 is appropriate.",True,1,True,False,False,False,False
129,tariff_questions,successful,9,tariff_questions,satisfied,5,"I first identified the customer's requests: a comparison of Basic vs Pro tariffs, a request for a documentation link, and a request for a CSV of usage data. I then checked the agent's responses: the agent provided the tariff details, gave the correct link, and explained how to obtain the CSV. I evaluated the agent's handling—no questions were ignored, no incorrect information was given, tone was polite, and the issues were resolved without unnecessary escalation. The client expressed gratitude and ended the conversation positively, indicating satisfaction. Based on the complete and accurate assistance, I assign a high quality score.",False,0,False,False,False,False,False
130,refund,problematic,11,refund,neutral,2,"First, the customer requests a refund update and a detailed explanation of the delay. Second, the agent asks for the order number, checks the status, escalates the issue, but provides vague answers and dismisses the customer's follow‑up questions. Third, the agent makes several mistakes: they ignore the request for specifics, respond with a rude and dismissive tone, and fail to resolve the refund issue. Finally, given the lack of resolution and poor tone, the interaction merits a low quality score.",True,3,True,False,True,True,False
131,payment_troubles,conflict,12,payment_troubles,satisfied,5,"The customer reports a duplicate charge and seeks a refund. The agent asks for identifying information, explains why it is needed, locates the account, acknowledges the duplicate charge, and initiates a refund while explaining the cause in simple terms. The customer asks for clarification on a technical term, which the agent provides, and then inquires about the refund timeline. The agent gives a clear 3‑5 business day estimate and offers further assistance. The conversation ends with the customer expressing gratitude. The agent answered all questions, gave correct information, maintained a polite tone, and provided a resolution. No mistakes such as ignored questions, incorrect info, rude tone, lack of resolution, or unnecessary escalation are observed. Therefore, the problem is solved, the customer is satisfied, and the overall quality is high.",False,0,False,False,False,False,False
